"TaskType","Confidence","TreatmentType","ConversationId","ResponseId","Response"
1,"HighLow",2,1,"3137ONMDKH11V43AMIBZMYBUMRSGEM","Drinking can wait, I'll be home soon."
1,"HighLow",2,2,"3137ONMDKH11V43AMIBZMYBUMRSGEM","Sorry, I'm doing it right now."
1,"HighLow",2,3,"3137ONMDKH11V43AMIBZMYBUMRSGEM","Damn, sorry that's happening, if you need anything, let me know."
1,"HighLow",2,4,"3137ONMDKH11V43AMIBZMYBUMRSGEM","Nah, dude, wasn't me. Sorry that happened though."
1,"HighLow",2,5,"3137ONMDKH11V43AMIBZMYBUMRSGEM","Break up with him first, the day before Valentines, ruin his plan."
1,"HighLow",3,6,"3137ONMDKH11V43AMIBZMYBUMRSGEM","You're good, I was just curious if it was you!"
1,"HighLow",3,7,"3137ONMDKH11V43AMIBZMYBUMRSGEM","I'm so sorry that happened, I had no idea."
1,"HighLow",3,8,"3137ONMDKH11V43AMIBZMYBUMRSGEM","Sorry, do you still want me to come...?"
1,"HighLow",3,9,"3137ONMDKH11V43AMIBZMYBUMRSGEM","What's up, sorry I was asleep."
1,"HighLow",3,10,"3137ONMDKH11V43AMIBZMYBUMRSGEM","People are jerks, if you need a ride or something let me know."
1,"HighLow",0,11,"3137ONMDKH11V43AMIBZMYBUMRSGEM","Nah dude, don't worry, they're warm."
1,"HighLow",0,12,"3137ONMDKH11V43AMIBZMYBUMRSGEM","Yeah I'm fine, it's not you, I just need some alone time. I'll let you know if I change my mind."
1,"HighLow",0,13,"3137ONMDKH11V43AMIBZMYBUMRSGEM","Yeah, I don't know what I'm going to do."
1,"HighLow",0,14,"3137ONMDKH11V43AMIBZMYBUMRSGEM","Always here for you man!"
1,"HighLow",0,15,"3137ONMDKH11V43AMIBZMYBUMRSGEM","Ah, that sucks. I hope you can at least get your wallet back, hopefully your money is still in there."
1,"Default",1,1,"3WS1NTTKEZ8WQESL3R62JO9ERBIF00","Oh wow, what should I expect then?"
1,"Default",1,2,"3WS1NTTKEZ8WQESL3R62JO9ERBIF00","I am so sorry mom, I forgot!"
1,"Default",1,3,"3WS1NTTKEZ8WQESL3R62JO9ERBIF00","Just take some deep breaths, what did he do this time?"
1,"Default",1,4,"3WS1NTTKEZ8WQESL3R62JO9ERBIF00","Well it wasn't me."
1,"Default",1,5,"3WS1NTTKEZ8WQESL3R62JO9ERBIF00","Don't worry, you deserve better anyways."
1,"Default",1,6,"3WS1NTTKEZ8WQESL3R62JO9ERBIF00","I am not here to judge, just an observation."
1,"Default",1,7,"3WS1NTTKEZ8WQESL3R62JO9ERBIF00","I am so sorry to hear that."
1,"Default",1,8,"3WS1NTTKEZ8WQESL3R62JO9ERBIF00","What's wrong?"
1,"Default",1,9,"3WS1NTTKEZ8WQESL3R62JO9ERBIF00","Yeah sorry, what do you need?"
1,"Default",1,10,"3WS1NTTKEZ8WQESL3R62JO9ERBIF00","Oh wow, what a jerk!"
1,"Default",0,11,"3WS1NTTKEZ8WQESL3R62JO9ERBIF00","Don't worry, they will be nice and warm :)"
1,"Default",0,12,"3WS1NTTKEZ8WQESL3R62JO9ERBIF00","No I'm not, I think I'm depressed."
1,"Default",0,13,"3WS1NTTKEZ8WQESL3R62JO9ERBIF00","I know, what should we do now?"
1,"Default",0,14,"3WS1NTTKEZ8WQESL3R62JO9ERBIF00","Okay great, 2pm it is."
1,"Default",0,15,"3WS1NTTKEZ8WQESL3R62JO9ERBIF00",":(, sorry you have to go through this."
1,"HighOnly",2,1,"3IOEN3P9S8F0EAKSYH7Y3NFB34L61R","Yikes"
1,"HighOnly",2,2,"3IOEN3P9S8F0EAKSYH7Y3NFB34L61R","Im sorry"
1,"HighOnly",2,3,"3IOEN3P9S8F0EAKSYH7Y3NFB34L61R","Maybe he will leave early"
1,"HighOnly",2,4,"3IOEN3P9S8F0EAKSYH7Y3NFB34L61R","I didnt say anything"
1,"HighOnly",2,5,"3IOEN3P9S8F0EAKSYH7Y3NFB34L61R","Screw him"
1,"HighOnly",0,6,"3IOEN3P9S8F0EAKSYH7Y3NFB34L61R","Oh, well you tried"
1,"HighOnly",0,7,"3IOEN3P9S8F0EAKSYH7Y3NFB34L61R","Oh im sorry"
1,"HighOnly",0,8,"3IOEN3P9S8F0EAKSYH7Y3NFB34L61R","R u busy?"
1,"HighOnly",0,9,"3IOEN3P9S8F0EAKSYH7Y3NFB34L61R","Im here. What do you need?"
1,"HighOnly",0,10,"3IOEN3P9S8F0EAKSYH7Y3NFB34L61R","Ugh, how unfortunate!"
1,"HighOnly",0,11,"3IOEN3P9S8F0EAKSYH7Y3NFB34L61R","Ill run"
1,"HighOnly",0,12,"3IOEN3P9S8F0EAKSYH7Y3NFB34L61R","Just not feeling well"
1,"HighOnly",0,13,"3IOEN3P9S8F0EAKSYH7Y3NFB34L61R","Hmm what should we do?"
1,"HighOnly",0,14,"3IOEN3P9S8F0EAKSYH7Y3NFB34L61R","Will do then"
1,"HighOnly",0,15,"3IOEN3P9S8F0EAKSYH7Y3NFB34L61R","Good idea"
1,"HighLow",2,1,"3F0BG9B9MQJG8G90TGJZNOQH50E7YP","What is going on?"
1,"HighLow",2,2,"3F0BG9B9MQJG8G90TGJZNOQH50E7YP","I will take care of it when I get home."
1,"HighLow",2,3,"3F0BG9B9MQJG8G90TGJZNOQH50E7YP","What did he do this time?"
1,"HighLow",2,4,"3F0BG9B9MQJG8G90TGJZNOQH50E7YP","Well I guess I am going to have to talk to her."
1,"HighLow",2,5,"3F0BG9B9MQJG8G90TGJZNOQH50E7YP","Who ended up telling you."
1,"HighLow",3,6,"3F0BG9B9MQJG8G90TGJZNOQH50E7YP","You love Starbucks haha"
1,"HighLow",3,7,"3F0BG9B9MQJG8G90TGJZNOQH50E7YP","Oh I'm sorry. Can I come see you."
1,"HighLow",3,8,"3F0BG9B9MQJG8G90TGJZNOQH50E7YP","Or maybe I should not even go?"
1,"HighLow",3,9,"3F0BG9B9MQJG8G90TGJZNOQH50E7YP","Whats wrong? What do ya need"
1,"HighLow",3,10,"3F0BG9B9MQJG8G90TGJZNOQH50E7YP","Did you feel like you were in a movie?"
1,"HighLow",0,11,"3F0BG9B9MQJG8G90TGJZNOQH50E7YP","Fat ass"
1,"HighLow",0,12,"3F0BG9B9MQJG8G90TGJZNOQH50E7YP","Just not feeling like myself."
1,"HighLow",0,13,"3F0BG9B9MQJG8G90TGJZNOQH50E7YP","Well someone is not going to be able to go."
1,"HighLow",0,14,"3F0BG9B9MQJG8G90TGJZNOQH50E7YP","Sounds good"
1,"HighLow",0,15,"3F0BG9B9MQJG8G90TGJZNOQH50E7YP","Thats good, hopefully itll turn up"
1,"HighLow",2,1,"3WAKVUDHUXCZR7PVJFMAK3K49C37UR","uh oh whats going on?"
1,"HighLow",2,2,"3WAKVUDHUXCZR7PVJFMAK3K49C37UR","Im so sorry, it slipped my mind. Wont happen again."
1,"HighLow",2,3,"3WAKVUDHUXCZR7PVJFMAK3K49C37UR","i know exactly how you feel."
1,"HighLow",2,4,"3WAKVUDHUXCZR7PVJFMAK3K49C37UR","Dang dude, it wasn't me but good luck finding whoever told."
1,"HighLow",2,5,"3WAKVUDHUXCZR7PVJFMAK3K49C37UR","for real, what a mean thing to do. Do you need some help?"
1,"HighLow",3,6,"3WAKVUDHUXCZR7PVJFMAK3K49C37UR","sorry, i just wanted to tell you, i didn;t realize it would make you upset"
1,"HighLow",3,7,"3WAKVUDHUXCZR7PVJFMAK3K49C37UR","i am so sorry, i had no idea. If you need anything please don't be afraid to ask."
1,"HighLow",3,8,"3WAKVUDHUXCZR7PVJFMAK3K49C37UR","um are you okay?"
1,"HighLow",3,9,"3WAKVUDHUXCZR7PVJFMAK3K49C37UR","Hey sorry, whats up?"
1,"HighLow",3,10,"3WAKVUDHUXCZR7PVJFMAK3K49C37UR","oh man whata  doozy"
1,"HighLow",0,11,"3WAKVUDHUXCZR7PVJFMAK3K49C37UR","tryin my best buddy."
1,"HighLow",0,12,"3WAKVUDHUXCZR7PVJFMAK3K49C37UR","yeah i'm fine. I'm just not feeling too well."
1,"HighLow",0,13,"3WAKVUDHUXCZR7PVJFMAK3K49C37UR","what do you suggest we do?"
1,"HighLow",0,14,"3WAKVUDHUXCZR7PVJFMAK3K49C37UR","Ok cool, ill see you then."
1,"HighLow",0,15,"3WAKVUDHUXCZR7PVJFMAK3K49C37UR","good luck finding it."
1,"Default",1,1,"3D8YOU6S9FGGN7BQ05HIEPK8E1K6US","Hold on, what happened? I can come home now if you need."
1,"Default",1,2,"3D8YOU6S9FGGN7BQ05HIEPK8E1K6US","It's my kitchen, I'll deal with it when I get home."
1,"Default",1,3,"3D8YOU6S9FGGN7BQ05HIEPK8E1K6US","what'd he do this time?"
1,"Default",1,4,"3D8YOU6S9FGGN7BQ05HIEPK8E1K6US","I don't know anything, sorry man."
1,"Default",1,5,"3D8YOU6S9FGGN7BQ05HIEPK8E1K6US","You should tell him that you know. Then break up with him first."
1,"Default",1,6,"3D8YOU6S9FGGN7BQ05HIEPK8E1K6US","Hey I'm not judging. Keep doing you."
1,"Default",1,7,"3D8YOU6S9FGGN7BQ05HIEPK8E1K6US","I'm so sorry, this is a terrible situation for everyone."
1,"Default",1,8,"3D8YOU6S9FGGN7BQ05HIEPK8E1K6US","Just tell me that you're upset instead of acting like this."
1,"Default",1,9,"3D8YOU6S9FGGN7BQ05HIEPK8E1K6US","What do you need?"
1,"Default",1,10,"3D8YOU6S9FGGN7BQ05HIEPK8E1K6US","that's the worst! i'm sorry"
1,"Default",0,11,"3D8YOU6S9FGGN7BQ05HIEPK8E1K6US","Luckily you own a microwave."
1,"Default",0,12,"3D8YOU6S9FGGN7BQ05HIEPK8E1K6US","Yes I'm sorry that I keep bailing. I'm having a hard time."
1,"Default",0,13,"3D8YOU6S9FGGN7BQ05HIEPK8E1K6US","Well what do you want to do?"
1,"Default",0,14,"3D8YOU6S9FGGN7BQ05HIEPK8E1K6US","Thanks, call you then."
1,"Default",0,15,"3D8YOU6S9FGGN7BQ05HIEPK8E1K6US","Good idea. Hope you can find it."
1,"HighOnly",2,1,"3SB5N7Y3O4024EOGEBCK199QSQI0GK","Oh wow. What's going on?"
1,"HighOnly",2,2,"3SB5N7Y3O4024EOGEBCK199QSQI0GK","I'm sorry Mom. Won't happen again. Love you."
1,"HighOnly",2,3,"3SB5N7Y3O4024EOGEBCK199QSQI0GK","Hang in there. You'll be alright."
1,"HighOnly",2,4,"3SB5N7Y3O4024EOGEBCK199QSQI0GK","Sorry man. It wasn't me."
1,"HighOnly",2,5,"3SB5N7Y3O4024EOGEBCK199QSQI0GK","Hang in there. I'm here if you need me."
1,"HighOnly",0,6,"3SB5N7Y3O4024EOGEBCK199QSQI0GK","Haha, it's all good man. Just messing with ya."
1,"HighOnly",0,7,"3SB5N7Y3O4024EOGEBCK199QSQI0GK","Oh wow. I'm sorry to hear that. I'm here if you need me."
1,"HighOnly",0,8,"3SB5N7Y3O4024EOGEBCK199QSQI0GK","Are you mad? Call me."
1,"HighOnly",0,9,"3SB5N7Y3O4024EOGEBCK199QSQI0GK","Hey, sorry, I was busy earlier. What's going on?"
1,"HighOnly",0,10,"3SB5N7Y3O4024EOGEBCK199QSQI0GK","Oh my gosh I'm so sorry."
1,"HighOnly",0,11,"3SB5N7Y3O4024EOGEBCK199QSQI0GK","I'll do my best"
1,"HighOnly",0,12,"3SB5N7Y3O4024EOGEBCK199QSQI0GK","Yeah I'm alright. I'm just tired and need some alone time."
1,"HighOnly",0,13,"3SB5N7Y3O4024EOGEBCK199QSQI0GK","I'm sorry, what should we do?"
1,"HighOnly",0,14,"3SB5N7Y3O4024EOGEBCK199QSQI0GK","Alright cool, talk to you then."
1,"HighOnly",0,15,"3SB5N7Y3O4024EOGEBCK199QSQI0GK","Oh wow, I'm sorry to hear.."
1,"Default",1,1,"3QHK8ZVMINEJAT5RNI6PYIAHFB1BLN","What do you mean? Whats going on?"
1,"Default",1,2,"3QHK8ZVMINEJAT5RNI6PYIAHFB1BLN","I know. Im normally good about that stuff but Ive had a lot on my mind. Can you not kill the ants please and just remove the trash so they naturally go away. Ill make it up to you mom. I love you"
1,"Default",1,3,"3QHK8ZVMINEJAT5RNI6PYIAHFB1BLN","Well just let me know if you need help finding other jobs or text me next time hes acting that way and Ill try to talk you out of doing something rash lol"
1,"Default",1,4,"3QHK8ZVMINEJAT5RNI6PYIAHFB1BLN","I would never do that man. You dont have to worry about whether it was me, but she needs to calm down."
1,"Default",1,5,"3QHK8ZVMINEJAT5RNI6PYIAHFB1BLN","Well hes not even worth thinking about in that case. We should do something on valentines day, even if just as friends. Itll help get your mind off things i think"
1,"Default",1,6,"3QHK8ZVMINEJAT5RNI6PYIAHFB1BLN","You're forgiven for that, but not for avoiding me in Starbucks lol! Did you see me as you passed or no?"
1,"Default",1,7,"3QHK8ZVMINEJAT5RNI6PYIAHFB1BLN","WTF, that sucks! you're one of the best employees there! Well Im sure its only a matter of time before I get laid off too. If you need help finding a job or making money on the side in the meantime just let me know. This changes the way I feel about the company knowing they let you go!"
1,"Default",1,8,"3QHK8ZVMINEJAT5RNI6PYIAHFB1BLN","Ok im going to take an Uber. I feel so bad about this and I want to see you asap. Ill make it up to you ok!"
1,"Default",1,9,"3QHK8ZVMINEJAT5RNI6PYIAHFB1BLN","Hey sorry I didn't see your first message quickly. sure no problem, whats up?"
1,"Default",1,10,"3QHK8ZVMINEJAT5RNI6PYIAHFB1BLN","Aw! lol well if you want to come over my place to dry off you're more than welcome ;)"
1,"Default",0,11,"3QHK8ZVMINEJAT5RNI6PYIAHFB1BLN","Not as cold as you're acting right now! lol jk. Ill definitely be there asap!"
1,"Default",0,12,"3QHK8ZVMINEJAT5RNI6PYIAHFB1BLN","Hey Im really sorry. I know ive been flakey lately and I hope this doesnt make you think ill always be like this. Im just extremely depressed. Im worried if we go out, that ill end up being a downer on you and then youll never want to hang out again"
1,"Default",0,13,"3QHK8ZVMINEJAT5RNI6PYIAHFB1BLN","I know. Well I dont mind staying home if you and the others want to go, or maybe I could resell these tix and we can find something else to do."
1,"Default",0,14,"3QHK8ZVMINEJAT5RNI6PYIAHFB1BLN","Cool, I won't forget and it may be sooner if I finish quicker."
1,"Default",0,15,"3QHK8ZVMINEJAT5RNI6PYIAHFB1BLN","Did you have anything else of importance in your wallet you can think of?"
1,"Default",1,1,"3XLBSAQ9Z58GD6J5P2LI1VZJBUI7ZG","So no drinks then huh?"
1,"Default",1,2,"3XLBSAQ9Z58GD6J5P2LI1VZJBUI7ZG","Sorry."
1,"Default",1,3,"3XLBSAQ9Z58GD6J5P2LI1VZJBUI7ZG","shithead bosses are everywhere"
1,"Default",1,4,"3XLBSAQ9Z58GD6J5P2LI1VZJBUI7ZG","That sucks man. It wasn't me. Who else could have told her?"
1,"Default",1,5,"3XLBSAQ9Z58GD6J5P2LI1VZJBUI7ZG","Break up with him first."
1,"Default",1,6,"3XLBSAQ9Z58GD6J5P2LI1VZJBUI7ZG","No judgement here."
1,"Default",1,7,"3XLBSAQ9Z58GD6J5P2LI1VZJBUI7ZG","Sorry to hear that."
1,"Default",1,8,"3XLBSAQ9Z58GD6J5P2LI1VZJBUI7ZG","I think an uber will be quicker."
1,"Default",1,9,"3XLBSAQ9Z58GD6J5P2LI1VZJBUI7ZG","What's up?"
1,"Default",1,10,"3XLBSAQ9Z58GD6J5P2LI1VZJBUI7ZG","Bunch a savages in this town."
1,"Default",0,11,"3XLBSAQ9Z58GD6J5P2LI1VZJBUI7ZG","5 minutes"
1,"Default",0,12,"3XLBSAQ9Z58GD6J5P2LI1VZJBUI7ZG","I'm fine. Just not in the mood right now."
1,"Default",0,13,"3XLBSAQ9Z58GD6J5P2LI1VZJBUI7ZG","We are just gonna have to get it by other means."
1,"Default",0,14,"3XLBSAQ9Z58GD6J5P2LI1VZJBUI7ZG","K"
1,"Default",0,15,"3XLBSAQ9Z58GD6J5P2LI1VZJBUI7ZG","Bummer."
1,"Default",1,1,"34MAJL3QP5JI9QUT2XS2UIAU5XT34V","Kids been fighting again? I'll call for a sitter and we'll worry about the mess later!"
1,"Default",1,2,"34MAJL3QP5JI9QUT2XS2UIAU5XT34V","Sorry, Mom. I'll make sure to take care of that ant problem."
1,"Default",1,3,"34MAJL3QP5JI9QUT2XS2UIAU5XT34V","I'd start looking for another job. Unemployment is like 4%. Plenty of employers are hiring."
1,"Default",1,4,"34MAJL3QP5JI9QUT2XS2UIAU5XT34V","It wasn't me. I would confront her first so that you don't look like you're hiding something."
1,"Default",1,5,"34MAJL3QP5JI9QUT2XS2UIAU5XT34V","Let me blunt - there's not much you CAN do. If he's gonna break up with you, it's gonna happen. Maybe beat him to it?"
1,"Default",1,6,"34MAJL3QP5JI9QUT2XS2UIAU5XT34V","Hey - you don't need to get upset at me. I was just asking. Tone it down a bit."
1,"Default",1,7,"34MAJL3QP5JI9QUT2XS2UIAU5XT34V","For now... I could easily be on the chopping block and don't know it yet."
1,"Default",1,8,"34MAJL3QP5JI9QUT2XS2UIAU5XT34V","What's your favorite letter? J/K, I'll get there when I get there."
1,"Default",1,9,"34MAJL3QP5JI9QUT2XS2UIAU5XT34V","I can't always reply to texts immediately. What do you need?"
1,"Default",1,10,"34MAJL3QP5JI9QUT2XS2UIAU5XT34V","If it's any consolation, the umbrella wouldn't have saved you unless you saw it coming. Anyway, sorry to hear that!"
1,"Default",0,11,"34MAJL3QP5JI9QUT2XS2UIAU5XT34V","Yeah, it'd be a lot of work to reheat them in the microwave lol"
1,"Default",0,12,"34MAJL3QP5JI9QUT2XS2UIAU5XT34V","I'll be fine. I just need time to myself to decompress."
1,"Default",0,13,"34MAJL3QP5JI9QUT2XS2UIAU5XT34V","I know, right? We're going to have to hit up a scalper. We can get it down."
1,"Default",0,14,"34MAJL3QP5JI9QUT2XS2UIAU5XT34V","Cool - 2:00 it is. Look forward to it."
1,"Default",0,15,"34MAJL3QP5JI9QUT2XS2UIAU5XT34V","Did you call the place we were at yet to see if they found it?"
1,"Default",1,1,"3483FV8BEFF73V2OHL7C86PGVAZ628","shit what happened?"
1,"Default",1,2,"3483FV8BEFF73V2OHL7C86PGVAZ628","Sorry mom"
1,"Default",1,3,"3483FV8BEFF73V2OHL7C86PGVAZ628","man go set fire to his desk or something. fuck bosses"
1,"Default",1,4,"3483FV8BEFF73V2OHL7C86PGVAZ628","shit idk who told her. you should probably tell her yourself what you did"
1,"Default",1,5,"3483FV8BEFF73V2OHL7C86PGVAZ628","what a dickwad. i had no idea"
1,"Default",1,6,"3483FV8BEFF73V2OHL7C86PGVAZ628","hey, sorry, its not a problem"
1,"Default",1,7,"3483FV8BEFF73V2OHL7C86PGVAZ628","Oh holy shit man what bullshit"
1,"Default",1,8,"3483FV8BEFF73V2OHL7C86PGVAZ628","I'll see you there then"
1,"Default",1,9,"3483FV8BEFF73V2OHL7C86PGVAZ628","shit whats up?"
1,"Default",1,10,"3483FV8BEFF73V2OHL7C86PGVAZ628","damn that sucks. what a jerk"
1,"Default",0,11,"3483FV8BEFF73V2OHL7C86PGVAZ628","I would die before i let nugs get cold you know me"
1,"Default",0,12,"3483FV8BEFF73V2OHL7C86PGVAZ628","sorry man im just in a certain state of mind"
1,"Default",0,13,"3483FV8BEFF73V2OHL7C86PGVAZ628","i'll try to figure it out"
1,"Default",0,14,"3483FV8BEFF73V2OHL7C86PGVAZ628","ill call you then"
1,"Default",0,15,"3483FV8BEFF73V2OHL7C86PGVAZ628","good I hope you didnt have too much cash on you"
1,"HighLow",2,1,"3LRKMWOKB6D9R5MZJQ4N54IB0EW2ZV","I'll head straight home."
1,"HighLow",2,2,"3LRKMWOKB6D9R5MZJQ4N54IB0EW2ZV","Won't happen again mom."
1,"HighLow",2,3,"3LRKMWOKB6D9R5MZJQ4N54IB0EW2ZV","Maybe we can start job hunting tonight."
1,"HighLow",2,4,"3LRKMWOKB6D9R5MZJQ4N54IB0EW2ZV","Wasn't me, man."
1,"HighLow",2,5,"3LRKMWOKB6D9R5MZJQ4N54IB0EW2ZV","Do it first. Take control."
1,"HighLow",3,6,"3LRKMWOKB6D9R5MZJQ4N54IB0EW2ZV","Coffee isn't sinning, it's salvation."
1,"HighLow",3,7,"3LRKMWOKB6D9R5MZJQ4N54IB0EW2ZV","Damn. I'm so sorry. Is there anything I can do?"
1,"HighLow",3,8,"3LRKMWOKB6D9R5MZJQ4N54IB0EW2ZV","Let me know when you're ready to talk."
1,"HighLow",3,9,"3LRKMWOKB6D9R5MZJQ4N54IB0EW2ZV","Sorry, was in the bathroom. What do you need?"
1,"HighLow",3,10,"3LRKMWOKB6D9R5MZJQ4N54IB0EW2ZV","You're hot when you're all wet."
1,"HighLow",0,11,"3LRKMWOKB6D9R5MZJQ4N54IB0EW2ZV","It's not about temperature, it's about quantity."
1,"HighLow",0,12,"3LRKMWOKB6D9R5MZJQ4N54IB0EW2ZV","Sorry. Just been in a rut. I'll see you later tonight."
1,"HighLow",0,13,"3LRKMWOKB6D9R5MZJQ4N54IB0EW2ZV","I'll try again, but we may have to sit in different areas."
1,"HighLow",0,14,"3LRKMWOKB6D9R5MZJQ4N54IB0EW2ZV","Ok. Will call you then."
1,"HighLow",0,15,"3LRKMWOKB6D9R5MZJQ4N54IB0EW2ZV","Good thinking."
1,"HighOnly",2,1,"3GLB5JMZFYRW3YPAQN0FGGT9MKKDGT","Oh wow I hope everything is okay do you need me to help you? I can easily cancel the drinks after work."
1,"HighOnly",2,2,"3GLB5JMZFYRW3YPAQN0FGGT9MKKDGT","I'm sorry mom I was in a rush this morning and forgot."
1,"HighOnly",2,3,"3GLB5JMZFYRW3YPAQN0FGGT9MKKDGT","Totally understandable and I want you to know I'm here for you if you."
1,"HighOnly",2,4,"3GLB5JMZFYRW3YPAQN0FGGT9MKKDGT","Whoa and I never said anything to Jane. I wouldn't do anything to cause trouble for your relationship."
1,"HighOnly",2,5,"3GLB5JMZFYRW3YPAQN0FGGT9MKKDGT","Teri I am so sorry this is happening right now and if you need me to come over so we can talk I'm available."
1,"HighOnly",0,6,"3GLB5JMZFYRW3YPAQN0FGGT9MKKDGT","Lol no problem I was just wondering."
1,"HighOnly",0,7,"3GLB5JMZFYRW3YPAQN0FGGT9MKKDGT","I'm so sorry Paula and I don't know for sure if I'm in the clear yet I only heard about it and again I am sorry that happened."
1,"HighOnly",0,8,"3GLB5JMZFYRW3YPAQN0FGGT9MKKDGT","Are you okay Sarah? Your only saying 'K' and I want you to know I'm truly sorry."
1,"HighOnly",0,9,"3GLB5JMZFYRW3YPAQN0FGGT9MKKDGT","Sorry about that I was taking a nap and just checked my phone. What is going on? Do you need me to come over?"
1,"HighOnly",0,10,"3GLB5JMZFYRW3YPAQN0FGGT9MKKDGT","Whoa that is horrible! I can come and pick you up if you need me too!?"
1,"HighOnly",0,11,"3GLB5JMZFYRW3YPAQN0FGGT9MKKDGT","Trust me they will be hot lol but we can always heat them up in the microwave :P"
1,"HighOnly",0,12,"3GLB5JMZFYRW3YPAQN0FGGT9MKKDGT","I'm just under the weather due to working excessively and I'm just not up for it. Sorry again."
1,"HighOnly",0,13,"3GLB5JMZFYRW3YPAQN0FGGT9MKKDGT","Yeah man I know but I can totally give you my ticket and I will skip it this time."
1,"HighOnly",0,14,"3GLB5JMZFYRW3YPAQN0FGGT9MKKDGT","Okay cool talk to you then"
1,"HighOnly",0,15,"3GLB5JMZFYRW3YPAQN0FGGT9MKKDGT","Oh ok better to be safe."
1,"HighOnly",2,1,"3COPXFW7XC8AUHOJLNCPE22R7K5KPI","Oh no :(  What's going on?  I'll skip drinks and come home."
1,"HighOnly",2,2,"3COPXFW7XC8AUHOJLNCPE22R7K5KPI","Sorry Mom.  I'll come home"
1,"HighOnly",2,3,"3COPXFW7XC8AUHOJLNCPE22R7K5KPI","He sux  - What'd he do this time?"
1,"HighOnly",2,4,"3COPXFW7XC8AUHOJLNCPE22R7K5KPI","Wasn't me bro.  Who else saw you?"
1,"HighOnly",2,5,"3COPXFW7XC8AUHOJLNCPE22R7K5KPI","JErk!  Did you confront him?"
1,"HighOnly",0,6,"3COPXFW7XC8AUHOJLNCPE22R7K5KPI","Didn't mean it that way! lol  I knew it was you!  Now we can do coffee again!"
1,"HighOnly",0,7,"3COPXFW7XC8AUHOJLNCPE22R7K5KPI","OMG!  That sucks! I'm sorry :("
1,"HighOnly",0,8,"3COPXFW7XC8AUHOJLNCPE22R7K5KPI","Sorry :("
1,"HighOnly",0,9,"3COPXFW7XC8AUHOJLNCPE22R7K5KPI","Absolutely - what's going on?"
1,"HighOnly",0,10,"3COPXFW7XC8AUHOJLNCPE22R7K5KPI","That stinks!  I hate the rain!"
1,"HighOnly",0,11,"3COPXFW7XC8AUHOJLNCPE22R7K5KPI","Shut up :P"
1,"HighOnly",0,12,"3COPXFW7XC8AUHOJLNCPE22R7K5KPI","Idk - just need some time to myself.  Go on without me.  Ttyl"
1,"HighOnly",0,13,"3COPXFW7XC8AUHOJLNCPE22R7K5KPI","I know - not sure what to do now :("
1,"HighOnly",0,14,"3COPXFW7XC8AUHOJLNCPE22R7K5KPI","Ok - call you in a bit"
1,"HighOnly",0,15,"3COPXFW7XC8AUHOJLNCPE22R7K5KPI","That stinks!  I hope it turns up."
1,"HighOnly",2,1,"3NJM2BJS4X2SBJCVTAVRQJPJ2CZCP2","I'll prepare myself"
1,"HighOnly",2,2,"3NJM2BJS4X2SBJCVTAVRQJPJ2CZCP2","I'm sorry, I'll clean it up."
1,"HighOnly",2,3,"3NJM2BJS4X2SBJCVTAVRQJPJ2CZCP2","you should look for another job"
1,"HighOnly",2,4,"3NJM2BJS4X2SBJCVTAVRQJPJ2CZCP2","Calm down"
1,"HighOnly",2,5,"3NJM2BJS4X2SBJCVTAVRQJPJ2CZCP2","Lets hang out to forget about it"
1,"HighOnly",0,6,"3NJM2BJS4X2SBJCVTAVRQJPJ2CZCP2","Why couldn't you just tell me?"
1,"HighOnly",0,7,"3NJM2BJS4X2SBJCVTAVRQJPJ2CZCP2","I'm sorry"
1,"HighOnly",0,8,"3NJM2BJS4X2SBJCVTAVRQJPJ2CZCP2","K yourself"
1,"HighOnly",0,9,"3NJM2BJS4X2SBJCVTAVRQJPJ2CZCP2","Yeah, what do you need help with?"
1,"HighOnly",0,10,"3NJM2BJS4X2SBJCVTAVRQJPJ2CZCP2","You should go home and dry yourself off"
1,"HighOnly",0,11,"3NJM2BJS4X2SBJCVTAVRQJPJ2CZCP2","Don't worry"
1,"HighOnly",0,12,"3NJM2BJS4X2SBJCVTAVRQJPJ2CZCP2","Not really"
1,"HighOnly",0,13,"3NJM2BJS4X2SBJCVTAVRQJPJ2CZCP2","I know, what should we do?"
1,"HighOnly",0,14,"3NJM2BJS4X2SBJCVTAVRQJPJ2CZCP2","See you then"
1,"HighOnly",0,15,"3NJM2BJS4X2SBJCVTAVRQJPJ2CZCP2","That's smart"
1,"Default",1,1,"3NKQQ8O39Z1F8GQ5ASPWKVU0VT9UDM","I'll bring you a surprise, be there soon."
1,"Default",1,2,"3NKQQ8O39Z1F8GQ5ASPWKVU0VT9UDM","I'm sorry Mom, I'll do better."
1,"Default",1,3,"3NKQQ8O39Z1F8GQ5ASPWKVU0VT9UDM","Maybe you should start filling out job apps, who knows!"
1,"Default",1,4,"3NKQQ8O39Z1F8GQ5ASPWKVU0VT9UDM","It wasn't me man, that blows."
1,"Default",1,5,"3NKQQ8O39Z1F8GQ5ASPWKVU0VT9UDM","Wow, I would break up with him before he can break up with you :("
1,"Default",1,6,"3NKQQ8O39Z1F8GQ5ASPWKVU0VT9UDM","haha, it's okay, i won't tell."
1,"Default",1,7,"3NKQQ8O39Z1F8GQ5ASPWKVU0VT9UDM","Aw no, I am so sorry :("
1,"Default",1,8,"3NKQQ8O39Z1F8GQ5ASPWKVU0VT9UDM","I'm sorry if you're mad, I didn't mean to take a nap."
1,"Default",1,9,"3NKQQ8O39Z1F8GQ5ASPWKVU0VT9UDM","Hey Jeremy, sorry I was napping"
1,"Default",1,10,"3NKQQ8O39Z1F8GQ5ASPWKVU0VT9UDM","oh no! dang the luck"
1,"Default",0,11,"3NKQQ8O39Z1F8GQ5ASPWKVU0VT9UDM","They won't be cold lol, I'll even bring sauce."
1,"Default",0,12,"3NKQQ8O39Z1F8GQ5ASPWKVU0VT9UDM","I'm okay, I'm just antisocial at the moment, I enjoy you but I just don't have the energy"
1,"Default",0,13,"3NKQQ8O39Z1F8GQ5ASPWKVU0VT9UDM","It is, but we can try to purchase another."
1,"Default",0,14,"3NKQQ8O39Z1F8GQ5ASPWKVU0VT9UDM","awesome will call then"
1,"Default",0,15,"3NKQQ8O39Z1F8GQ5ASPWKVU0VT9UDM","that really sucks, glad you got your cards canceled at least."
1,"HighOnly",2,1,"34J10VATJGU4OYZALX621RDOKD4IQ0","Um. I'll be home on time. Want me to grab pizza?"
1,"HighOnly",2,2,"34J10VATJGU4OYZALX621RDOKD4IQ0","I'm sorry. I'll be home around 3, I'll bring some corn meal and bay leaves... they hate that right?"
1,"HighOnly",2,3,"34J10VATJGU4OYZALX621RDOKD4IQ0","have you thought about getting a new gig?"
1,"HighOnly",2,4,"34J10VATJGU4OYZALX621RDOKD4IQ0","Wasn't me, Dude! I haven't even seen or talked to her in a week!"
1,"HighOnly",2,5,"34J10VATJGU4OYZALX621RDOKD4IQ0","that sucks. how'd you find out? what did he say? srsly, he's a douche!"
1,"HighOnly",0,6,"34J10VATJGU4OYZALX621RDOKD4IQ0","It's all good! But, hey, if that was you, you don't need that diet anyway!"
1,"HighOnly",0,7,"34J10VATJGU4OYZALX621RDOKD4IQ0","Oh. Wow. I'm sorry, Paula... how are you doing?"
1,"HighOnly",0,8,"34J10VATJGU4OYZALX621RDOKD4IQ0","You ok? I'm totally sorry I crashed. Ur mad."
1,"HighOnly",0,9,"34J10VATJGU4OYZALX621RDOKD4IQ0","What's up!? Sorry, I'd left my phone in the car. What's wrong?"
1,"HighOnly",0,10,"34J10VATJGU4OYZALX621RDOKD4IQ0","no way! what an ass! you need clothes or anything?"
1,"HighOnly",0,11,"34J10VATJGU4OYZALX621RDOKD4IQ0","I'm doing what I can. They're always cold, anyway. Relax, man."
1,"HighOnly",0,12,"34J10VATJGU4OYZALX621RDOKD4IQ0","I'm fine, don't worry. Just not feelin' it, ya know?"
1,"HighOnly",0,13,"34J10VATJGU4OYZALX621RDOKD4IQ0","Yeah...so... what else do you think you'll do that night, dude? Sucks you can't go!"
1,"HighOnly",0,14,"34J10VATJGU4OYZALX621RDOKD4IQ0","Ok. I'll call you at 2."
1,"HighOnly",0,15,"34J10VATJGU4OYZALX621RDOKD4IQ0","Good call. I hate when that happens. Let me know if I can float you again today"
1,"Default",1,1,"3018Q3ZVOJMPUHVCMO3PPJZA3QYARK","Oh my. Tell me more."
1,"Default",1,2,"3018Q3ZVOJMPUHVCMO3PPJZA3QYARK","You're totally right. Love you."
1,"Default",1,3,"3018Q3ZVOJMPUHVCMO3PPJZA3QYARK","Start looking for something else. Life's too short for that."
1,"Default",1,4,"3018Q3ZVOJMPUHVCMO3PPJZA3QYARK","It wasn't me. Sucks John."
1,"Default",1,5,"3018Q3ZVOJMPUHVCMO3PPJZA3QYARK","Move on. You're better off without him."
1,"Default",1,6,"3018Q3ZVOJMPUHVCMO3PPJZA3QYARK","I don't blame you. Life is short...enjoy your coffee."
1,"Default",1,7,"3018Q3ZVOJMPUHVCMO3PPJZA3QYARK","So sorry to hear that. Lucky is a relative thing...I'm probably next"
1,"Default",1,8,"3018Q3ZVOJMPUHVCMO3PPJZA3QYARK","Uber it is then. Sorry Sarah."
1,"Default",1,9,"3018Q3ZVOJMPUHVCMO3PPJZA3QYARK","What you need buddy?"
1,"Default",1,10,"3018Q3ZVOJMPUHVCMO3PPJZA3QYARK","Umbrellas won't help that...."
1,"Default",0,11,"3018Q3ZVOJMPUHVCMO3PPJZA3QYARK","Never. And extra sauce for you my friend."
1,"Default",0,12,"3018Q3ZVOJMPUHVCMO3PPJZA3QYARK","Nothing. Just having one of those weeks."
1,"Default",0,13,"3018Q3ZVOJMPUHVCMO3PPJZA3QYARK","We'll figure it out."
1,"Default",0,14,"3018Q3ZVOJMPUHVCMO3PPJZA3QYARK","OK talk to you shortly."
1,"Default",0,15,"3018Q3ZVOJMPUHVCMO3PPJZA3QYARK","Ugh that sucks."
1,"HighLow",2,1,"30X31N5D64M1VWVP1D3UFT46PSHAS8","I'm going to skip out on drinks.  I'll be home soon, and we'll get the house shaped up."
1,"HighLow",2,2,"30X31N5D64M1VWVP1D3UFT46PSHAS8","Sorry about that!  It won't happen again."
1,"HighLow",2,3,"30X31N5D64M1VWVP1D3UFT46PSHAS8","Hang in there!  They're lucky to have you!"
1,"HighLow",2,4,"30X31N5D64M1VWVP1D3UFT46PSHAS8","It wasn't me, but I'll ask around and see if I can find out who did."
1,"HighLow",2,5,"30X31N5D64M1VWVP1D3UFT46PSHAS8","I'll go get some ice cream.  Let's veg out on your couch and decide what to do!  Be there in 20!"
1,"HighLow",3,6,"30X31N5D64M1VWVP1D3UFT46PSHAS8","You are forgiven :)  I wouldn't be able to do that either!"
1,"HighLow",3,7,"30X31N5D64M1VWVP1D3UFT46PSHAS8","I'm so sorry.  That is so unfair, and it's their loss--you're a great employee."
1,"HighLow",3,8,"30X31N5D64M1VWVP1D3UFT46PSHAS8","Sorry about the nap.  I didn't mean to upset you.  I will be there soon."
1,"HighLow",3,9,"30X31N5D64M1VWVP1D3UFT46PSHAS8","Sorry, I'm here!  What do you need help with?"
1,"HighLow",3,10,"30X31N5D64M1VWVP1D3UFT46PSHAS8","I'm sure you still look beautiful!"
1,"HighLow",0,11,"30X31N5D64M1VWVP1D3UFT46PSHAS8","I'll make sure your chicken nuggets are nice and warm."
1,"HighLow",0,12,"30X31N5D64M1VWVP1D3UFT46PSHAS8","Yes, I'm just stressed out and too tired to go out."
1,"HighLow",0,13,"30X31N5D64M1VWVP1D3UFT46PSHAS8","You three can go, and I'll sit this one out.  I should be studying that night anyway."
1,"HighLow",0,14,"30X31N5D64M1VWVP1D3UFT46PSHAS8","Great, I'll talk to you at 2 pm!"
1,"HighLow",0,15,"30X31N5D64M1VWVP1D3UFT46PSHAS8","I hope you find it soon!"
1,"HighOnly",2,1,"3FUI0JHJPYUXRUBP2JNJKDIOR2Q33D","Yikes, I guess I'll be prepared"
1,"HighOnly",2,2,"3FUI0JHJPYUXRUBP2JNJKDIOR2Q33D","I'll help clean when I get home."
1,"HighOnly",2,3,"3FUI0JHJPYUXRUBP2JNJKDIOR2Q33D","At least you're getting paid well for it!"
1,"HighOnly",2,4,"3FUI0JHJPYUXRUBP2JNJKDIOR2Q33D","It wasn't me, dude. Who else saw you?"
1,"HighOnly",2,5,"3FUI0JHJPYUXRUBP2JNJKDIOR2Q33D","Come out with me on Valentines Day and break up with him first."
1,"HighOnly",0,6,"3FUI0JHJPYUXRUBP2JNJKDIOR2Q33D","I feel you, I love my coffee"
1,"HighOnly",0,7,"3FUI0JHJPYUXRUBP2JNJKDIOR2Q33D","For now. Sorry to hear that!~"
1,"HighOnly",0,8,"3FUI0JHJPYUXRUBP2JNJKDIOR2Q33D","That's not an answer..."
1,"HighOnly",0,9,"3FUI0JHJPYUXRUBP2JNJKDIOR2Q33D","Hey man, sorry. Whats up?"
1,"HighOnly",0,10,"3FUI0JHJPYUXRUBP2JNJKDIOR2Q33D","how polite of them!"
1,"HighOnly",0,11,"3FUI0JHJPYUXRUBP2JNJKDIOR2Q33D","I'll make sure to sit on them and use my body heat as an oven."
1,"HighOnly",0,12,"3FUI0JHJPYUXRUBP2JNJKDIOR2Q33D","Just feeling a little down. Not in the mood."
1,"HighOnly",0,13,"3FUI0JHJPYUXRUBP2JNJKDIOR2Q33D","Maybe we can look on Stubhub?"
1,"HighOnly",0,14,"3FUI0JHJPYUXRUBP2JNJKDIOR2Q33D","Great, talk to you soon"
1,"HighOnly",0,15,"3FUI0JHJPYUXRUBP2JNJKDIOR2Q33D","That's probably a good idea."
1,"HighOnly",2,1,"39K0FND3AIBYX1IKHG783K50X3ZAMW","What's going on?"
1,"HighOnly",2,2,"39K0FND3AIBYX1IKHG783K50X3ZAMW","Sorry Mom, I'll do it right now"
1,"HighOnly",2,3,"39K0FND3AIBYX1IKHG783K50X3ZAMW","What did he do?"
1,"HighOnly",2,4,"39K0FND3AIBYX1IKHG783K50X3ZAMW","Shit, sorry man it wasn't me though"
1,"HighOnly",2,5,"39K0FND3AIBYX1IKHG783K50X3ZAMW","I would confront him on it. That's just a shitty thing to do. If you want to break up, break up; don't prolong it."
1,"HighOnly",0,6,"39K0FND3AIBYX1IKHG783K50X3ZAMW","haha I get it though"
1,"HighOnly",0,7,"39K0FND3AIBYX1IKHG783K50X3ZAMW","Sorry, that legit sucks"
1,"HighOnly",0,8,"39K0FND3AIBYX1IKHG783K50X3ZAMW","See ya soon then"
1,"HighOnly",0,9,"39K0FND3AIBYX1IKHG783K50X3ZAMW","Hey, what do you need help with then?"
1,"HighOnly",0,10,"39K0FND3AIBYX1IKHG783K50X3ZAMW","That sucks! Thanks for the heads up though!"
1,"HighOnly",0,11,"39K0FND3AIBYX1IKHG783K50X3ZAMW","No promises!"
1,"HighOnly",0,12,"39K0FND3AIBYX1IKHG783K50X3ZAMW","I'm just tired and just want a lowkey night. Next time, promise."
1,"HighOnly",0,13,"39K0FND3AIBYX1IKHG783K50X3ZAMW","What do you think we should do now then?"
1,"HighOnly",0,14,"39K0FND3AIBYX1IKHG783K50X3ZAMW","Okay, I'll talk to you soon then"
1,"HighOnly",0,15,"39K0FND3AIBYX1IKHG783K50X3ZAMW","Damn, where was the last place you saw it?"
1,"Default",1,1,"3FTOP5WARGKCVGEHMHXNYM16KNT0JS","I bet it isn't that bad and I'll help clean up when I get there."
1,"Default",1,2,"3FTOP5WARGKCVGEHMHXNYM16KNT0JS","Sorry Mom I'll take care of it right now."
1,"Default",1,3,"3FTOP5WARGKCVGEHMHXNYM16KNT0JS","What a jerk you should look for a new job."
1,"Default",1,4,"3FTOP5WARGKCVGEHMHXNYM16KNT0JS","Oh god now we won't hear the end of it."
1,"Default",1,5,"3FTOP5WARGKCVGEHMHXNYM16KNT0JS","I'm here for you if you need to talk."
1,"Default",1,6,"3FTOP5WARGKCVGEHMHXNYM16KNT0JS","Haha lets get a cup together sometime."
1,"Default",1,7,"3FTOP5WARGKCVGEHMHXNYM16KNT0JS","Wow I'm so sorry."
1,"Default",1,8,"3FTOP5WARGKCVGEHMHXNYM16KNT0JS","Which should I take?"
1,"Default",1,9,"3FTOP5WARGKCVGEHMHXNYM16KNT0JS","What can I help you with?"
1,"Default",1,10,"3FTOP5WARGKCVGEHMHXNYM16KNT0JS","That is awful and I'm sorry to hear this."
1,"Default",0,11,"3FTOP5WARGKCVGEHMHXNYM16KNT0JS","We have a microwave for that so relax."
1,"Default",0,12,"3FTOP5WARGKCVGEHMHXNYM16KNT0JS","I'm just a little depressed is all."
1,"Default",0,13,"3FTOP5WARGKCVGEHMHXNYM16KNT0JS","How many are committed to going?"
1,"Default",0,14,"3FTOP5WARGKCVGEHMHXNYM16KNT0JS","Great then 2pm it is."
1,"Default",0,15,"3FTOP5WARGKCVGEHMHXNYM16KNT0JS","I hope it turns up that is such a pain to cancel everything and wait for replacements."
1,"HighOnly",2,1,"379J5II41PCHHWHBX98FZQG2IDHEL3","Well let's go get some drinks and then when we come back later we will clean up."
1,"HighOnly",2,2,"379J5II41PCHHWHBX98FZQG2IDHEL3","Sorry.  I'll do better next time."
1,"HighOnly",2,3,"379J5II41PCHHWHBX98FZQG2IDHEL3","Report him to human resources. No need to take his abuse."
1,"HighOnly",2,4,"379J5II41PCHHWHBX98FZQG2IDHEL3","I didn't say anything to her."
1,"HighOnly",2,5,"379J5II41PCHHWHBX98FZQG2IDHEL3","What do you have planned?"
1,"HighOnly",0,6,"379J5II41PCHHWHBX98FZQG2IDHEL3","Well good luck with your diet."
1,"HighOnly",0,7,"379J5II41PCHHWHBX98FZQG2IDHEL3","Wow! I'm so sorry to hear you got layed off. Is there anything I can do?"
1,"HighOnly",0,8,"379J5II41PCHHWHBX98FZQG2IDHEL3","'k?' Which should I take???"
1,"HighOnly",0,9,"379J5II41PCHHWHBX98FZQG2IDHEL3","Yes? Help with what?"
1,"HighOnly",0,10,"379J5II41PCHHWHBX98FZQG2IDHEL3","You need to hurry home and change clothes."
1,"HighOnly",0,11,"379J5II41PCHHWHBX98FZQG2IDHEL3","Don't worry I'll make sure they are extra hot before I leave."
1,"HighOnly",0,12,"379J5II41PCHHWHBX98FZQG2IDHEL3","I'm not sure. Maybe we can talk later about it."
1,"HighOnly",0,13,"379J5II41PCHHWHBX98FZQG2IDHEL3","How is it a problem?"
1,"HighOnly",0,14,"379J5II41PCHHWHBX98FZQG2IDHEL3","Ok. I'll call you at 2pm. Just got to finish this."
1,"HighOnly",0,15,"379J5II41PCHHWHBX98FZQG2IDHEL3","You need help looking for it?"
1,"Default",1,1,"3B1NLC6UG0S5SVS0VWRAGAAY06IGPB","oh god. you should be care of all of that"
1,"Default",1,2,"3B1NLC6UG0S5SVS0VWRAGAAY06IGPB","sorry i missed that"
1,"Default",1,3,"3B1NLC6UG0S5SVS0VWRAGAAY06IGPB","oh really?"
1,"Default",1,4,"3B1NLC6UG0S5SVS0VWRAGAAY06IGPB","no, i don't know. i never to  tell her about that"
1,"Default",1,5,"3B1NLC6UG0S5SVS0VWRAGAAY06IGPB","don't feel about him.they are all just a passing cloud."
1,"Default",1,6,"3B1NLC6UG0S5SVS0VWRAGAAY06IGPB","okay. just leave it. we will start a new"
1,"Default",1,7,"3B1NLC6UG0S5SVS0VWRAGAAY06IGPB","oh you already know about that"
1,"Default",1,8,"3B1NLC6UG0S5SVS0VWRAGAAY06IGPB","thank you so much"
1,"Default",1,9,"3B1NLC6UG0S5SVS0VWRAGAAY06IGPB","yeah tell me"
1,"Default",1,10,"3B1NLC6UG0S5SVS0VWRAGAAY06IGPB","i never forgot the umbrellas during rainy days"
1,"Default",0,11,"3B1NLC6UG0S5SVS0VWRAGAAY06IGPB","maybe its getting too cold and not for nuggets"
1,"Default",0,12,"3B1NLC6UG0S5SVS0VWRAGAAY06IGPB","its going on too crazy yesterday"
1,"Default",0,13,"3B1NLC6UG0S5SVS0VWRAGAAY06IGPB","yeah. so what's the next plan?"
1,"Default",0,14,"3B1NLC6UG0S5SVS0VWRAGAAY06IGPB","nice i will tell you later"
1,"Default",0,15,"3B1NLC6UG0S5SVS0VWRAGAAY06IGPB","good.i will help you with searching"
1,"HighLow",2,1,"3KOPY89HM9Y8C8DE54F60KZDNZNJ3G","Alright what did the little punks do this time?"
1,"HighLow",2,2,"3KOPY89HM9Y8C8DE54F60KZDNZNJ3G","you're right... be right there."
1,"HighLow",2,3,"3KOPY89HM9Y8C8DE54F60KZDNZNJ3G","have you considered searching for a new job on the side? or maybe asking for a position change?"
1,"HighLow",2,4,"3KOPY89HM9Y8C8DE54F60KZDNZNJ3G","I'm sorry that happened though."
1,"HighLow",2,5,"3KOPY89HM9Y8C8DE54F60KZDNZNJ3G","hey, let's just go out or something and shoot the shit, does that sound good?"
1,"HighLow",3,6,"3KOPY89HM9Y8C8DE54F60KZDNZNJ3G","haha no judgment here, Starbucks is my Mecca"
1,"HighLow",3,7,"3KOPY89HM9Y8C8DE54F60KZDNZNJ3G","Oh, fuck. /= That really sucks"
1,"HighLow",3,8,"3KOPY89HM9Y8C8DE54F60KZDNZNJ3G","Hey... I apologize, that was irresponsible of me. I'll try to make it up to you"
1,"HighLow",3,9,"3KOPY89HM9Y8C8DE54F60KZDNZNJ3G","Hey, sorry about that. what's up?"
1,"HighLow",3,10,"3KOPY89HM9Y8C8DE54F60KZDNZNJ3G","beeeeen there, it's the worst. sorry to hear about that :s"
1,"HighLow",0,11,"3KOPY89HM9Y8C8DE54F60KZDNZNJ3G","I'll make sure to fit them with little mittens if I have to"
1,"HighLow",0,12,"3KOPY89HM9Y8C8DE54F60KZDNZNJ3G","might just be the season or something, winter depression maybe"
1,"HighLow",0,13,"3KOPY89HM9Y8C8DE54F60KZDNZNJ3G","I was considering not going myself though. Could always catch it again"
1,"HighLow",0,14,"3KOPY89HM9Y8C8DE54F60KZDNZNJ3G","Thanks much!"
1,"HighLow",0,15,"3KOPY89HM9Y8C8DE54F60KZDNZNJ3G","Good thinking"
1,"HighLow",2,1,"3KYQYYSHYW3KVB68E6DNLP2BD6BDOG","Oh no. Want me to come home?"
1,"HighLow",2,2,"3KYQYYSHYW3KVB68E6DNLP2BD6BDOG","I will come clean up the ants. Won't happen again"
1,"HighLow",2,3,"3KYQYYSHYW3KVB68E6DNLP2BD6BDOG","WAnt to grab a drink after work?"
1,"HighLow",2,4,"3KYQYYSHYW3KVB68E6DNLP2BD6BDOG","I don't know who told her, but I'm sure Jane will get over it"
1,"HighLow",2,5,"3KYQYYSHYW3KVB68E6DNLP2BD6BDOG","Damn, that sucks. I'm sorry! Want to go grab a drink?"
1,"HighLow",3,6,"3KYQYYSHYW3KVB68E6DNLP2BD6BDOG","All is forgivin"
1,"HighLow",3,7,"3KYQYYSHYW3KVB68E6DNLP2BD6BDOG","Oh no I am so sorry! Want to grab a drink later?"
1,"HighLow",3,8,"3KYQYYSHYW3KVB68E6DNLP2BD6BDOG","I'm really sorry Sarah. I will be there as fast as I can"
1,"HighLow",3,9,"3KYQYYSHYW3KVB68E6DNLP2BD6BDOG","Hi! Im sorry. Whats up?"
1,"HighLow",3,10,"3KYQYYSHYW3KVB68E6DNLP2BD6BDOG","Oh no! I'm sorry!"
1,"HighLow",0,11,"3KYQYYSHYW3KVB68E6DNLP2BD6BDOG","They will not. Sorry again!"
1,"HighLow",0,12,"3KYQYYSHYW3KVB68E6DNLP2BD6BDOG","YEah I just havent been feeling that social"
1,"HighLow",0,13,"3KYQYYSHYW3KVB68E6DNLP2BD6BDOG","I know I'm sorry!"
1,"HighLow",0,14,"3KYQYYSHYW3KVB68E6DNLP2BD6BDOG","I will let you know when I am done"
1,"HighLow",0,15,"3KYQYYSHYW3KVB68E6DNLP2BD6BDOG","Oh no! Well hopefully it will turn up"
1,"HighLow",2,1,"31JLPPHS2VQMDJ4BLH7B8GGZMWC3O4","I'll clean it after I'm done with drinks. Sorry, babe."
1,"HighLow",2,2,"31JLPPHS2VQMDJ4BLH7B8GGZMWC3O4","I'm real sorry, Ma."
1,"HighLow",2,3,"31JLPPHS2VQMDJ4BLH7B8GGZMWC3O4","What did he do to you?"
1,"HighLow",2,4,"31JLPPHS2VQMDJ4BLH7B8GGZMWC3O4","I don't know, man. I haven't said a peep."
1,"HighLow",2,5,"31JLPPHS2VQMDJ4BLH7B8GGZMWC3O4","You can't stay with him!"
1,"HighLow",3,6,"31JLPPHS2VQMDJ4BLH7B8GGZMWC3O4","Well, coffee is pretty healthy for you, so maybe it's alright."
1,"HighLow",3,7,"31JLPPHS2VQMDJ4BLH7B8GGZMWC3O4","Sorry to hear that! I hate it here."
1,"HighLow",3,8,"31JLPPHS2VQMDJ4BLH7B8GGZMWC3O4","It was a question, Sarah. Why are you so upset?"
1,"HighLow",3,9,"31JLPPHS2VQMDJ4BLH7B8GGZMWC3O4","Sure! What do you need help with?"
1,"HighLow",3,10,"31JLPPHS2VQMDJ4BLH7B8GGZMWC3O4","That sucks super hard!"
1,"HighLow",0,11,"31JLPPHS2VQMDJ4BLH7B8GGZMWC3O4","With my speed? Nah."
1,"HighLow",0,12,"31JLPPHS2VQMDJ4BLH7B8GGZMWC3O4","I'm feeling a bit depressed lately."
1,"HighLow",0,13,"31JLPPHS2VQMDJ4BLH7B8GGZMWC3O4","Yeah, can you pitch is some more money?"
1,"HighLow",0,14,"31JLPPHS2VQMDJ4BLH7B8GGZMWC3O4","Talk to you then."
1,"HighLow",0,15,"31JLPPHS2VQMDJ4BLH7B8GGZMWC3O4","Good idea."
1,"HighLow",2,1,"3VZLGYJEYM6ASLPW7FPGVUC7DS8ZXO","Well, I think I'll pass! I'm not in the mood for a warzone."
1,"HighLow",2,2,"3VZLGYJEYM6ASLPW7FPGVUC7DS8ZXO","Mom, I'm sorry, please forgive me. I won't forget anymore. I promise."
1,"HighLow",2,3,"3VZLGYJEYM6ASLPW7FPGVUC7DS8ZXO","Well, you just need to calm down and consider your next move."
1,"HighLow",2,4,"3VZLGYJEYM6ASLPW7FPGVUC7DS8ZXO","You're grown! I don't understand why you're angry!"
1,"HighLow",2,5,"3VZLGYJEYM6ASLPW7FPGVUC7DS8ZXO","Well, you don't need him anyway! You deserve much better."
1,"HighLow",3,6,"3VZLGYJEYM6ASLPW7FPGVUC7DS8ZXO","I'm sorry if I made you angry! I was just being sarcastic."
1,"HighLow",3,7,"3VZLGYJEYM6ASLPW7FPGVUC7DS8ZXO","I'm so sorry to hear about you getting laid off."
1,"HighLow",3,8,"3VZLGYJEYM6ASLPW7FPGVUC7DS8ZXO","Okay, I'll see you soon."
1,"HighLow",3,9,"3VZLGYJEYM6ASLPW7FPGVUC7DS8ZXO","Help with what? What do you need?"
1,"HighLow",3,10,"3VZLGYJEYM6ASLPW7FPGVUC7DS8ZXO","What happened? Are you okay?"
1,"HighLow",0,11,"3VZLGYJEYM6ASLPW7FPGVUC7DS8ZXO","I'll make sure that i bring them as soon as I get them. You know you can heat them up."
1,"HighLow",0,12,"3VZLGYJEYM6ASLPW7FPGVUC7DS8ZXO","No, I'm not okay and I don't want to talk about it."
1,"HighLow",0,13,"3VZLGYJEYM6ASLPW7FPGVUC7DS8ZXO","Well, I think we should be able to get more tickets. Let me see what I can do."
1,"HighLow",0,14,"3VZLGYJEYM6ASLPW7FPGVUC7DS8ZXO","Yes, I'll call you at 2pm."
1,"HighLow",0,15,"3VZLGYJEYM6ASLPW7FPGVUC7DS8ZXO","I'm glad to hear that you canceled your cards."
1,"HighLow",2,1,"3A9AA95ATXI7CY3GE08JCDJ9AU9P51","um what's going on?"
1,"HighLow",2,2,"3A9AA95ATXI7CY3GE08JCDJ9AU9P51","sorry mom. i totally forgot."
1,"HighLow",2,3,"3A9AA95ATXI7CY3GE08JCDJ9AU9P51","maybe you're approaching this wrong. maybe you have issues you need to work on?"
1,"HighLow",2,4,"3A9AA95ATXI7CY3GE08JCDJ9AU9P51","i assure you, i didn't. that sucks man."
1,"HighLow",2,5,"3A9AA95ATXI7CY3GE08JCDJ9AU9P51","preemptive strike. break up with him before he breaks up with you."
1,"HighLow",3,6,"3A9AA95ATXI7CY3GE08JCDJ9AU9P51","just regular brewed coffee has very little calories. drink it black. no need to quit coffee"
1,"HighLow",3,7,"3A9AA95ATXI7CY3GE08JCDJ9AU9P51","really sorry to hear that"
1,"HighLow",3,8,"3A9AA95ATXI7CY3GE08JCDJ9AU9P51","i'll take the uber. i'll be there shortly. sorry."
1,"HighLow",3,9,"3A9AA95ATXI7CY3GE08JCDJ9AU9P51","um, sure. help with what though?"
1,"HighLow",3,10,"3A9AA95ATXI7CY3GE08JCDJ9AU9P51","that really sucks. sorry."
1,"HighLow",0,11,"3A9AA95ATXI7CY3GE08JCDJ9AU9P51","hope so."
1,"HighLow",0,12,"3A9AA95ATXI7CY3GE08JCDJ9AU9P51","yeah. i'm fine. just not into being sociable right now."
1,"HighLow",0,13,"3A9AA95ATXI7CY3GE08JCDJ9AU9P51","we'll have to figure out which 3 of us can go"
1,"HighLow",0,14,"3A9AA95ATXI7CY3GE08JCDJ9AU9P51","ok. i'll call you at 2"
1,"HighLow",0,15,"3A9AA95ATXI7CY3GE08JCDJ9AU9P51","good. now just have to get new ones."
1,"HighOnly",2,1,"39RP059MEIP3GBNCNU74YVP6FLWBM4","Hope things get better. I'll be home later."
1,"HighOnly",2,2,"39RP059MEIP3GBNCNU74YVP6FLWBM4","Calm down it's my house. I'll do it later."
1,"HighOnly",2,3,"39RP059MEIP3GBNCNU74YVP6FLWBM4","Why don't you look for another job then?"
1,"HighOnly",2,4,"39RP059MEIP3GBNCNU74YVP6FLWBM4","Someone is being a snitch."
1,"HighOnly",2,5,"39RP059MEIP3GBNCNU74YVP6FLWBM4","I'll be your valentine!"
1,"HighOnly",0,6,"39RP059MEIP3GBNCNU74YVP6FLWBM4","Oh okay."
1,"HighOnly",0,7,"39RP059MEIP3GBNCNU74YVP6FLWBM4","That sucks! I am thankful I didn't get laid off too."
1,"HighOnly",0,8,"39RP059MEIP3GBNCNU74YVP6FLWBM4","K? Are you mad?"
1,"HighOnly",0,9,"39RP059MEIP3GBNCNU74YVP6FLWBM4","What do you need help with?"
1,"HighOnly",0,10,"39RP059MEIP3GBNCNU74YVP6FLWBM4","Haha! That sucks! Stupid cars lol."
1,"HighOnly",0,11,"39RP059MEIP3GBNCNU74YVP6FLWBM4","I'll make sure they are hot when I get them."
1,"HighOnly",0,12,"39RP059MEIP3GBNCNU74YVP6FLWBM4","Yeah I just want some alone time right now. Maybe next time."
1,"HighOnly",0,13,"39RP059MEIP3GBNCNU74YVP6FLWBM4","Yep gonna have to figure out who isn't going now."
1,"HighOnly",0,14,"39RP059MEIP3GBNCNU74YVP6FLWBM4","Okay I'll call you at 2."
1,"HighOnly",0,15,"39RP059MEIP3GBNCNU74YVP6FLWBM4","Hope you find it soon."
